17.0705634,79.2620374,0.010224146,13:55:15
17.0705633,79.2620403,0.04013018,13:55:20
17.0705641,79.2620292,0.147171,13:55:25
17.0705635,79.2620389,0.09177005,13:55:30
17.070564,79.2620331,0.05233133,13:55:35
17.0705634,79.262037,0.038555954,13:55:40
17.0705638,79.2620353,0.012551497,13:55:45
17.0705634,79.2620378,0.033304594,13:55:50
17.0705633,79.2620361,0.014918523,13:55:55
17.0705634,79.2620353,0.01534923,13:56:00
17.0705632,79.2620374,0.02489687,13:56:05
17.0705633,79.2620359,0.013181199,13:56:10
17.0705617,79.2620598,0.3409432,13:56:15
17.070556,79.2620858,0.47714254,13:56:25
17.0705648,79.2620488,0.2636163,13:56:26
17.0705645,79.2620321,0.3148153,13:56:30
17.0705638,79.2620352,0.059660338,13:56:36
17.0705587,79.2620677,0.4486504,13:56:40
17.0705685,79.2620461,0.13355747,13:56:45
17.0705708,79.2620394,0.13487655,13:56:50
17.0705745,79.2620332,0.15302122,13:56:55
17.0705722,79.2620366,0.009868057,13:57:00
17.0705712,79.2620384,0.031930067,13:57:05
17.070571,79.2620387,0.014747846,13:57:10
17.0705714,79.2620366,0.024583412,13:57:15
17.070574,79.2620245,0.1832748,13:57:20
17.0705722,79.2620336,0.0714107,13:57:25
17.0705707,79.2620382,0.089418486,13:57:31
17.0705711,79.2620381,0.027853932,13:57:35
17.070571,79.2620389,0.020906646,13:57:40
17.0705731,79.2620314,0.103876114,13:57:45
17.0705715,79.2620399,0.08610974,13:57:50
17.070574,79.2620317,0.060772467,13:57:55
17.0705745,79.2620276,0.07681083,13:58:01
17.0705742,79.2620275,0.027240863,13:58:06
17.0705721,79.2620329,0.077321455,13:58:10
17.0705707,79.2620392,0.112923056,13:58:16
17.0705712,79.2620396,0.043010395,13:58:21
17.0705699,79.2620489,0.12199525,13:58:27
17.0705758,79.2620412,0.078097746,13:58:32
17.0705725,79.2620387,0.048577968,13:58:37
17.0705742,79.2620338,0.08686339,13:58:42
17.0705719,79.2620433,0.104753025,13:58:47
17.0705695,79.2620459,0.08295885,13:58:52
17.07057,79.2620427,0.019088022,13:58:58
17.0705692,79.2620428,0.015115111,13:59:03
17.0705707,79.2620392,0.053759012,13:59:07
17.0705701,79.2620457,0.072959155,13:59:12
17.0705712,79.2620405,0.0327384,13:59:19
17.0705697,79.2620481,0.08776974,13:59:24
17.0705709,79.2620408,0.054838017,13:59:29
17.070571,79.2620387,0.047731403,13:59:34
17.0705711,79.262039,0.011920964,13:59:39
17.070571,79.2620387,0.007787534,13:59:44
17.070569,79.26205,0.16166557,13:59:49
17.070571,79.2620415,0.049636792,13:59:54
17.0705707,79.262041,0.024839774,13:59:59
17.070569,79.2620452,0.055457354,14:00:05
17.0705728,79.2620257,0.25866297,14:00:13
17.0705705,79.2620385,0.08285693,14:00:14
17.0705694,79.2620447,0.114908315,14:00:19
17.0705696,79.2620446,0.03908116,14:00:24
17.07057,79.2620438,0.005183911,14:00:29
17.07057,79.2620423,0.019271087,14:00:34
17.0705705,79.2620406,0.03077043,14:00:40
17.0705707,79.2620406,0.010987519,14:00:44
17.0705648,79.2620319,0.12691273,14:00:51
17.0705619,79.2620426,0.1286314,14:00:56
17.0705654,79.2620474,0.10792275,14:01:01
17.0705584,79.2620772,0.4609542,14:01:06
17.0705652,79.2620539,0.12182627,14:01:11
17.070562,79.2620409,0.20706056,14:01:16
17.0705651,79.2620435,0.04643109,14:01:21
17.0705624,79.2620518,0.12983449,14:01:26
17.0705691,79.2620468,0,14:01:52
17.0705702,79.2619905,0.01271291,14:01:58
17.07057,79.2619929,0.023560537,14:02:03
17.0705679,79.2620259,0.43593135,14:02:08
17.0705575,79.2620785,0.7824398,14:02:13
17.0705658,79.26206,0.16869345,14:02:18
17.0705637,79.2620514,0.034946654,14:02:23
17.0705607,79.2620501,0.056767337,14:02:28
17.070563,79.2620394,0,14:02:44
17.0705503,79.2621025,0,14:05:01
17.0705497,79.2620972,4.73E-04,14:05:06
17.0705488,79.2620963,0.012512912,14:05:11
17.0705476,79.2620984,0.02722213,14:05:16
17.0705515,79.2620807,0.18149154,14:05:21
17.0705651,79.2620554,0.3725102,14:05:26
17.0705681,79.2620491,0.23294461,14:05:31
17.0705689,79.2620468,0.11677201,14:05:36
17.0705667,79.2620533,0.04731029,14:05:41
17.0705663,79.2620606,0.11591639,14:05:46
17.0705674,79.2620605,0.033649568,14:05:53
17.070567,79.2620544,0.064926274,14:05:58
17.0705659,79.2620552,0.019059595,14:06:03
17.0705669,79.262059,0.045078713,14:06:08
17.0705663,79.2620555,0.03147121,14:06:13
17.0705669,79.2620513,0.06952839,14:06:18
17.0705659,79.2620547,0.023001397,14:06:23
17.070571,79.2620068,0.63397616,14:06:28
17.0705618,79.2620373,0.24506596,14:06:33
17.0705582,79.2620543,0.31113806,14:06:38
17.0705585,79.2620579,0.16932812,14:06:43
17.0705681,79.2620066,0.65705544,14:06:48
17.0705636,79.2620342,0.15480801,14:06:53
17.0705618,79.2620478,0.24320303,14:06:58
17.0705628,79.2620493,0.116133325,14:07:03
17.0705692,79.2620089,0.5234507,14:07:08
17.0705612,79.2620471,0.33528998,14:07:13
17.0705565,79.2620596,0.30037624,14:07:18
17.070561,79.2620509,0.034017954,14:07:23
17.0705636,79.2620425,0.13148293,14:07:28
17.070564,79.2620426,0.04770653,14:07:33
17.0705641,79.2620406,0.043547194,14:07:38
17.0705651,79.2620316,0.12936796,14:07:44
17.070571,79.2620031,0.44891936,14:07:49
17.0705618,79.2620527,0.5311763,14:07:54
17.0705641,79.2620369,0.04418687,14:07:59
17.0705649,79.2620309,0.058368206,14:08:05
17.0705657,79.2620203,0.16288204,14:08:11
17.0705649,79.262031,0.09930344,14:08:15
17.0705624,79.262048,0.26426843,14:08:20
17.0705642,79.2620363,0.048745017,14:08:25
17.0705651,79.262031,0.09228544,14:08:30
17.0705655,79.2620265,0.09702896,14:08:35
17.0705672,79.2620161,0.17613156,14:08:40
17.0705661,79.2620171,0.042109244,14:08:45
17.0705537,79.2620584,0.42050546,14:08:54
17.0705653,79.2620287,0,14:16:43
17.0705729,79.2619933,0.007992517,14:16:48
17.0705685,79.2620124,0.27588284,14:16:53
17.0705578,79.2620663,0.7701656,14:16:58
17.0705544,79.2620334,0.13795154,14:17:04
17.0705539,79.2620282,0.0680342,14:17:09
17.070552,79.2620472,0.25346434,14:17:13
17.0705442,79.2620583,0.22008339,14:17:21
17.0705477,79.2620653,0.12659518,14:17:28
17.0705522,79.2620639,0.07211476,14:17:33
17.0705438,79.2620948,0.3922332,14:17:38
17.0705578,79.2620549,0.28933802,14:17:43
17.0705662,79.2620203,0.567084,14:17:48
17.0705638,79.2620274,0.07428195,14:17:53
17.0705164,79.2619504,1.2105085,14:17:58
17.0705381,79.2620194,0.3053035,14:18:03
17.0705592,79.2620373,0.41447392,14:18:08
17.0705654,79.2620335,0.19097036,14:18:13
17.0705681,79.262024,0.1494337,14:18:18
17.0705645,79.2620405,0.35612625,14:18:23
17.0705684,79.2620165,0.58691716,14:18:28
17.0705708,79.2619942,0.4944715,14:18:33
17.0705759,79.2619877,0.35298407,14:18:36
17.0705723,79.2620257,0.66598,14:18:39
17.0705699,79.2620477,0.5500251,14:18:43
17.0705678,79.2620521,0.33722234,14:18:46
17.0705687,79.2620447,0.099322334,14:18:48
17.0705708,79.2620342,0.28459448,14:18:51
17.0705724,79.2620348,0.09424002,14:18:54
17.0705743,79.2620355,0.07794888,14:18:56
17.0705741,79.2620475,0.29967242,14:18:59
17.070568,79.2620664,0.47227678,14:19:02
17.070562,79.2620774,0.4574773,14:19:05
17.0705626,79.2620847,0.3949825,14:19:08
17.070569,79.2620852,0.219514,14:19:11
17.0705765,79.262076,0.25306806,14:19:14
17.0705758,79.2620729,0.110440746,14:19:17
17.0705746,79.2620751,0.024822645,14:19:20
17.0705263,79.2620461,0.004470708,14:19:23
17.0705086,79.2620391,3.97E-04,14:19:26
17.0704964,79.2620385,0.001358107,14:19:29
17.070496,79.2620456,0.001086164,14:19:32
17.0704955,79.2620488,2.49E-04,14:19:35
17.070502,79.2620724,0.007142047,14:19:38
17.0705121,79.2620981,0.00348812,14:19:40
17.0705285,79.2621209,0.003018911,14:19:43
17.0705409,79.2621416,0.004119538,14:19:46
17.070547,79.2621589,5.54E-04,14:19:49
17.0705438,79.2621621,8.20E-04,14:19:53
17.0705454,79.2621745,0.011970147,14:19:58
17.0705425,79.2621782,0.002514966,14:20:04
17.0705402,79.2621828,0.002360778,14:20:08
17.0705173,79.2621587,0.16344309,14:20:11
17.0702249,79.2619572,7.656089,14:20:16
17.0704869,79.2621709,0.019278774,14:20:19
17.0704895,79.2621821,0.012458824,14:20:22
17.0703934,79.2621194,0.14028461,14:20:25
17.0703185,79.2620511,0.00238712,14:20:28
17.0703331,79.2620505,3.25E-04,14:20:30
17.0704891,79.2621415,0.005854012,14:20:34
17.0705158,79.2621252,0.041654475,14:20:37
17.070529,79.2621752,0.9448813,14:20:42
17.0705607,79.2623294,2.7871096,14:20:47
17.0706086,79.2625125,3.801965,14:20:52
17.0706243,79.2625683,3.6334975,14:20:56
17.0706641,79.2626938,2.51905,14:21:02
17.0706188,79.2627811,2.1143122,14:21:07
17.0705023,79.2628169,2.2974985,14:21:12
17.0703493,79.2628713,2.7482276,14:21:17
17.0702166,79.2629188,2.952036,14:21:22
17.0701295,79.2629511,2.7767735,14:21:26
17.0699585,79.2630045,2.9242148,14:21:32
17.0697824,79.2630795,3.6942322,14:21:37
17.0696491,79.2631411,3.6761758,14:21:41
17.0695145,79.2632202,2.6253788,14:21:47
17.0694328,79.2632655,1.6567284,14:21:52
17.0694086,79.2633462,1.9323769,14:21:57
17.0694325,79.2634714,2.1754196,14:22:02
17.0694562,79.2635243,1.5194254,14:22:07
17.0694683,79.263554,1.0976489,14:22:09
17.0694792,79.2635909,0.80176103,14:22:12
17.0694983,79.2635934,0.74195087,14:22:15
17.0694928,79.2636246,1.4975942,14:22:18
17.0694423,79.2636593,1.6273515,14:22:20
17.0693348,79.263704,3.1661375,14:22:23
17.0692163,79.263754,3.1756976,14:22:27
17.0690986,79.2637993,4.0189996,14:22:30
17.0688944,79.2638798,3.913938,14:22:37
17.0687281,79.2639491,3.817422,14:22:42
17.0686175,79.263993,3.727154,14:22:44
17.0685437,79.2640394,3.5701368,14:22:47
17.0684091,79.2640694,3.646045,14:22:50
17.0683577,79.2640407,2.9815576,14:22:53
17.0682349,79.2641093,3.5797613,14:22:56
17.0681331,79.2641558,3.657519,14:22:58
17.0680281,79.2641994,3.654941,14:23:01
17.0679072,79.2642509,3.8440495,14:23:04
17.0676913,79.2643254,4.213929,14:23:12
17.0675618,79.2643782,4.272267,14:23:14
17.0674526,79.264447,4.78897,14:23:17
17.0672598,79.2645054,4.536792,14:23:21
17.0671463,79.2645417,4.1497297,14:23:24
17.0670385,79.264583,4.145524,14:23:26
17.0669506,79.2646145,4.0866895,14:23:29
17.0668545,79.264665,4.140523,14:23:32
17.0667379,79.2647267,4.2174616,14:23:35
17.0666824,79.264744,4.0733457,14:23:38
17.0665342,79.2648216,4.146284,14:23:41
17.0664242,79.2648266,4.196032,14:23:44
17.0663523,79.2648971,4.300995,14:23:47
17.0662186,79.2649568,4.5634866,14:23:49
17.0661653,79.2649976,3.39682,14:23:52
17.0660043,79.2650584,4.1991377,14:23:55
17.0659134,79.2650891,4.1352253,14:23:58
17.0657694,79.2651604,4.1766753,14:24:01
17.0656715,79.2651841,4.4651732,14:24:04
17.0655735,79.2652338,4.5911856,14:24:06
17.0654964,79.2653042,4.643723,14:24:09
17.0654409,79.265323,2.1311584,14:24:12
17.0653081,79.2653947,4.172312,14:24:15
17.0652287,79.2653954,2.7981415,14:24:18
17.0651427,79.2654492,2.9858623,14:24:21
17.0652084,79.2654339,0.10738789,14:24:27
17.0651913,79.2654406,7.16E-05,14:24:32
17.0651901,79.2654417,1.02E-04,14:24:37
17.06519,79.2654417,9.91E-06,14:24:42
17.0651678,79.2654644,0.29967207,14:24:47
17.0650841,79.2654844,1.1890231,14:24:52
17.0649601,79.2655228,2.6759439,14:24:57
17.0648995,79.265543,2.4838812,14:24:59
17.0648393,79.2655595,3.04468,14:25:03
17.0647318,79.2656064,3.0634046,14:25:05
17.0646272,79.2656513,3.1990254,14:25:08
17.0645186,79.2656995,3.200018,14:25:12
17.0644398,79.265728,3.3169835,14:25:14
17.0643578,79.2657506,3.056607,14:25:17
17.0642859,79.2657608,2.8592622,14:25:20
17.0642196,79.2657954,2.9657686,14:25:22
17.0641427,79.2658375,3.0068471,14:25:25
17.0640605,79.2658769,3.2677116,14:25:28
17.0639653,79.2659366,3.30067,14:25:32
17.0639029,79.2659454,2.853092,14:25:34
17.0638238,79.2659604,2.430464,14:25:38
17.0637715,79.265964,2.3215494,14:25:40
17.0637041,79.2659766,2.5580082,14:25:43
17.0636345,79.2660011,2.5660634,14:25:46
17.0635517,79.2660367,2.9978209,14:25:49
17.0634654,79.2660746,2.9008684,14:25:52
17.0633861,79.2660973,2.7771816,14:25:55
17.0633307,79.2661317,2.474243,14:25:59
17.0632884,79.2661724,2.4642498,14:26:04
17.0632222,79.2662311,2.095172,14:26:06
17.0632085,79.2662287,0.956253,14:26:10
17.0632821,79.2661834,1.53E-05,14:26:18
17.0632832,79.2661833,8.21E-05,14:26:23
17.0632833,79.2661833,1.25E-05,14:26:28
17.0632409,79.2661992,0.6890971,14:26:33
17.0631237,79.2662306,2.059677,14:26:37
17.0629571,79.2662914,3.5283148,14:26:42
17.0628703,79.2663258,3.4082897,14:26:44
17.0627902,79.2663682,3.7303858,14:26:51
17.0626737,79.2664172,3.9330606,14:26:51
17.0625887,79.266432,3.5346165,14:26:53
17.0625144,79.2664635,3.5276515,14:26:57
17.0624161,79.2665097,3.7415862,14:27:02
17.0623418,79.2665314,3.4513958,14:27:03
17.0622293,79.2665843,4.343466,14:27:06
17.0622306,79.266596,2.5476694,14:27:09
17.0620552,79.266639,4.1263084,14:27:12
17.0619965,79.266649,3.5706012,14:27:14
17.0618533,79.2667098,3.8958714,14:27:17
17.0617716,79.266756,3.8435977,14:27:20
17.0616418,79.2668038,3.9660294,14:27:22
17.0615284,79.2668543,4.362709,14:27:25
17.0614377,79.266875,4.2180686,14:27:27
17.0612974,79.2669174,4.5256343,14:27:30
17.0612484,79.2669565,2.4576983,14:27:33
17.061074,79.2670319,4.3609576,14:27:36
17.0609188,79.2671202,4.027182,14:27:43
17.0607379,79.267186,3.9647074,14:27:47
17.060638,79.2672236,3.9339702,14:27:53
17.0604356,79.2672941,3.7588284,14:27:57
17.0603096,79.267332,3.7092621,14:28:01
17.0601967,79.2673758,3.4864905,14:28:02
17.0601383,79.267416,3.6230767,14:28:08
17.0599843,79.2674868,3.807769,14:28:12
17.0598557,79.2675491,4.479784,14:28:15
17.059726,79.2675783,4.144622,14:28:18
17.0595846,79.2676028,4.3737855,14:28:21
17.059489,79.2676371,4.0413256,14:28:24
17.0593482,79.2676933,4.1645055,14:28:27
17.0592735,79.2677369,4.1541553,14:28:29
17.0591416,79.2678154,4.332876,14:28:32
17.059048,79.267822,4.28251,14:28:35
17.0588816,79.2679411,3.0405715,14:28:43
17.058865,79.2679462,0.4342734,14:28:48
17.0588677,79.2679357,0.14367898,14:28:53
17.058873,79.2679398,1.34E-05,14:28:58
17.0588733,79.26794,3.03E-05,14:29:03
17.0588733,79.26794,5.37E-07,14:29:08
17.0588733,79.26794,1.48E-08,14:29:13
17.0588733,79.26794,1.31E-09,14:29:18
17.0588733,79.26794,4.69E-11,14:29:23
17.0588582,79.2679492,0.6231435,14:29:28
17.0587032,79.2680108,2.9005067,14:29:33
17.0584488,79.2681136,5.2075024,14:29:38
17.0581959,79.2682316,5.56673,14:29:42
17.0579944,79.2683316,4.698887,14:29:48
17.057939,79.2683748,4.1307006,14:29:53
17.0578676,79.2684238,1.7143103,14:29:58
17.0578632,79.2684113,0.002822546,14:30:05
17.0578437,79.2684075,0.006477309,14:30:38
17.0578418,79.2684067,3.15E-04,14:30:39
17.0578417,79.2684055,8.72E-04,14:30:41
17.0578417,79.268405,3.20E-05,14:30:42
17.0578417,79.268405,3.76E-06,14:30:44
17.0578417,79.268405,6.37E-08,14:30:45
17.0578417,79.268405,2.79E-09,14:30:47
17.0578417,79.268405,6.82E-11,14:30:48
17.0577731,79.2684271,1.0694215,14:30:49
17.0576059,79.2685221,3.476401,14:30:53
17.0574045,79.268692,5.357685,14:30:58
17.0572756,79.2689205,5.1004543,14:31:05
17.0571523,79.2691832,5.6267757,14:31:08
17.0570142,79.2694497,6.2961264,14:31:13
17.056891,79.2696446,4.8555803,14:31:18
17.0568414,79.2696462,3.4593613,14:31:23
17.0568433,79.2696211,2.5378294,14:31:26
17.0567871,79.2696005,1.5908158,14:31:29
17.0567458,79.2695744,1.63027,14:31:31
17.0566594,79.2695188,2.6724002,14:31:34
17.0565612,79.2694535,2.7157054,14:31:37
17.0563959,79.2693453,4.2683945,14:31:41
17.0563544,79.2692938,3.5607142,14:31:44
17.056198,79.2691793,5.054181,14:31:46
17.0557932,79.2689227,6.04393,14:31:53
17.0555174,79.2687516,6.7742057,14:31:58
17.055232,79.2685968,6.7383027,14:32:03
17.0549636,79.2684268,5.6358323,14:32:08
17.0547414,79.2682989,5.8476577,14:32:13
17.0545107,79.2681978,4.81256,14:32:18
17.0544206,79.2682056,3.4028165,14:32:23
17.0542917,79.2683031,3.521264,14:32:28
17.0542816,79.2683934,3.5265856,14:32:30
17.0542685,79.2685044,3.4048743,14:32:33
17.0542041,79.2685761,3.4374344,14:32:36
17.0542065,79.2687553,2.834776,14:32:43
17.054172,79.2688637,0.97494984,14:32:50
17.054162,79.2688985,7.36E-04,14:32:53
17.0541584,79.2689,2.54E-05,14:33:04
17.0541583,79.2689,1.75E-05,14:33:08
17.0541583,79.2689,4.66E-07,14:33:09
17.0541273,79.2689633,2.30499,14:33:13
17.0541168,79.269018,0.022016652,14:33:18
17.0541431,79.2690311,0.025889711,14:33:20
17.0541519,79.269057,0.3425265,14:33:24
17.05412,79.2690251,0.014515795,14:33:28
17.0541183,79.2690139,0.29792058,14:33:34
17.0541183,79.2690469,0.1755886,14:33:40
17.0541386,79.2690741,0.1711733,14:33:47
17.0541565,79.2690846,0.24858752,14:33:50
17.0541599,79.269054,0.45163798,14:33:55
17.0541684,79.2690072,0.91082865,14:34:00
17.0541518,79.2689679,0.8472778,14:34:05
17.0541256,79.2689482,0.03217824,14:34:10
17.0540985,79.2689294,0.062228333,14:34:15
17.0540677,79.2689209,0.04635824,14:34:26
17.0540839,79.2689074,0.055376265,14:34:28
17.0541293,79.2689278,0.057829726,14:34:30
17.0542397,79.2689381,0.32018203,14:34:35
17.0542744,79.2689289,0.022078702,14:34:40
17.0542766,79.2689212,0.004426005,14:34:45
17.0542856,79.268939,0.02478077,14:34:50
17.0543127,79.2689567,0.089246385,14:34:55
17.0543207,79.2689946,0.034644812,14:35:00
17.0543533,79.2690238,0.13940862,14:35:04
17.0543414,79.2690436,0.054552063,14:35:10
17.0543401,79.2690438,0.003020211,14:35:15
17.0543118,79.2689946,0.03698701,14:35:20
17.0542935,79.2689969,0.0795385,14:35:25
17.0542815,79.2689714,0.021686949,14:35:30
17.054283,79.2689529,0.010502504,14:35:35
17.0542567,79.2689363,0.08690183,14:35:40
17.0542621,79.268945,0.015156558,14:35:45
17.0542438,79.2689779,0.22753793,14:35:50
17.0542208,79.2690215,0.19257101,14:35:55
17.054215,79.2690546,0.029093744,14:36:02
17.0542181,79.2690619,0.023142612,14:36:06
17.0545162,79.2690411,0.9995428,14:36:10
17.0545702,79.2690252,0.023782589,14:36:15
17.0542582,79.2690556,2.9994335,14:36:20
17.0541172,79.2690083,0.35336822,14:36:25
17.05408,79.2689794,0.015744515,14:36:30
17.0540737,79.2689752,0.001330348,14:36:35
17.0540733,79.268975,1.42E-04,14:36:40
17.0540793,79.2689541,0.001346092,14:36:46
17.0540846,79.268938,0.00249652,14:36:50
17.0540813,79.2689172,0.009112685,14:36:55
17.0540801,79.2689049,0.002373931,14:37:00
17.05408,79.2689035,7.87E-04,14:37:05
17.05408,79.2689033,2.08E-04,14:37:10
17.0540809,79.2689403,0.45676255,14:37:15
17.0540866,79.2689471,0.39789078,14:37:21
17.0540974,79.2689503,0.46001324,14:37:22
17.0541058,79.2689501,0.4344807,14:37:25
17.0541123,79.2689487,0.36371255,14:37:30
17.0541099,79.2689498,0.22978091,14:37:32
17.0541121,79.2689572,6.26E-04,14:37:37
17.0541101,79.2689741,1.74E-04,14:37:40
17.0541106,79.2689749,0.018387008,14:37:44
17.0541154,79.2689633,0.25768355,14:37:47
17.0541149,79.2689571,0.29458725,14:37:52
17.0541126,79.2689616,3.52E-04,14:37:53
17.0541102,79.2689584,0.001618087,14:37:59
17.0541092,79.268956,0.002627887,14:38:01
17.0541056,79.2689505,0.002177008,14:38:04
17.0541031,79.2689477,0.001043824,14:38:07
17.0541001,79.2689439,4.49E-04,14:38:09
17.0540978,79.2689467,0.002992812,14:38:13
17.0541031,79.2689539,0.014803221,14:38:15
17.0541164,79.2689577,0.041606463,14:38:20
17.0541189,79.2689559,0.024741426,14:38:25
17.0541218,79.2689535,0.021587718,14:38:30
17.0541225,79.2689527,0.018244348,14:38:32
17.0541223,79.2689524,0.012905079,14:38:36
17.0541249,79.2689513,0.01407931,14:38:37
17.0541302,79.2689491,0.008573514,14:38:42
17.0541413,79.2689452,0.00730089,14:38:45
17.0541438,79.2689415,0.006834392,14:38:46
17.0541404,79.2689381,0.00338109,14:38:50
17.0541357,79.2689317,0.002510169,14:38:53
17.0541256,79.2689282,0.00112704,14:38:56
17.0541254,79.2689342,0.001125949,14:38:58
17.054134,79.2689422,0.002398259,14:39:02
17.0541422,79.2689464,0.007316487,14:39:03
17.0541481,79.2689521,0.011870492,14:39:07
17.0541506,79.2689488,0.012007654,14:39:10
17.0541403,79.2689468,0.001438037,14:39:12
17.0541266,79.2689392,0.007229676,14:39:15
17.0541093,79.2689331,0.013719463,14:39:17
17.0541117,79.2689399,0.008713728,14:39:20
17.0541222,79.268947,0.002314277,14:39:23
17.0541357,79.268957,0.013567611,14:39:26
17.0541597,79.268952,0.03282997,14:39:29
17.054159,79.2689477,0.022074386,14:39:31
17.0541448,79.26894,4.96E-04,14:39:37
17.0541435,79.2689393,1.60E-04,14:39:42
17.0541484,79.2689339,0.017538264,14:39:45
17.0541474,79.268932,0.009009937,14:39:48
17.0541383,79.2689283,6.45E-04,14:39:51
17.0541807,79.268933,0.010272164,14:39:54
17.0541616,79.2689325,0.03392848,14:39:57
17.0541635,79.2689361,0.02017421,14:40:00
17.0541963,79.2689495,0.015569839,14:40:05
17.0542261,79.2689582,0.14300813,14:40:07
17.0542594,79.2689853,0.27444932,14:40:09
17.0542749,79.2690175,0.40808624,14:40:12
17.0542754,79.269048,0.4517283,14:40:17
17.0542476,79.2690744,0.47753745,14:40:18
17.0542226,79.2690937,0.50711286,14:40:20
17.0541918,79.2691209,0.55788946,14:40:25
17.0541682,79.2691437,0.9118217,14:40:28
17.0541698,79.269149,0.001129631,14:40:34
17.0541816,79.2691376,0.011730851,14:40:38
17.0541879,79.2691368,0.023506744,14:40:43
17.0541774,79.269111,0.017706538,14:40:48
17.0541768,79.2691101,0.00135321,14:40:53
17.0541767,79.26911,7.02E-05,14:40:58
17.0541767,79.26911,2.03E-05,14:41:02
17.0541767,79.26911,2.70E-06,14:41:08
17.0541767,79.26911,2.63E-07,14:41:13
17.0541767,79.26911,2.85E-08,14:41:18
17.0541767,79.26911,3.31E-09,14:41:23
17.0541767,79.26911,5.57E-10,14:41:28
17.0541767,79.26911,1.37E-10,14:41:33
17.0541767,79.26911,2.57E-11,14:41:38
17.0541767,79.26911,3.74E-12,14:41:43
17.0541767,79.26911,7.58E-13,14:41:48
17.0541767,79.26911,1.44E-13,14:41:53
17.0541767,79.26911,2.74E-15,14:41:58
17.0541767,79.26911,1.07E-15,14:42:03
17.0541767,79.26911,1.35E-16,14:42:07
17.0541767,79.26911,6.45E-17,14:42:13
17.0541767,79.26911,2.30E-19,14:42:18
17.0541773,79.2691077,0.001469563,14:42:22
17.054173,79.2690985,0.006273162,14:42:25
17.0541762,79.2691087,1.64E-04,14:42:28
17.0541767,79.26911,8.88E-06,14:42:33
17.0541767,79.26911,3.63E-07,14:42:39
17.0540704,79.2691957,0.9931305,14:42:43
17.0539963,79.2691892,1.7781578,14:42:47
17.0539924,79.2691521,1.7498685,14:42:48
17.0539327,79.2691234,2.0042708,14:42:52
17.0539108,79.2690692,2.3976755,14:42:55
17.0539161,79.2690075,2.439976,14:42:57
17.0539226,79.2689213,3.0801375,14:43:00
17.0539376,79.2688044,3.109123,14:43:03
17.0539484,79.2686742,3.94042,14:43:06
17.0539758,79.2683638,4.634956,14:43:14
17.0539638,79.2682188,2.7982616,14:43:19
17.0539213,79.2681929,2.4630964,14:43:24
17.0536981,79.2681371,3.6487396,14:43:29
17.0535063,79.2680675,4.133719,14:43:34
17.0533728,79.2679348,4.7505264,14:43:38
17.0533556,79.2679325,1.9981803,14:43:39
17.0533551,79.2677526,4.2344623,14:43:42
17.0533543,79.2675725,4.6385355,14:43:45
17.0533528,79.2673562,4.997567,14:43:49
17.0533713,79.2670931,4.914825,14:43:54
17.0533809,79.2670192,4.7826686,14:43:59
17.0534825,79.2665921,5.7489033,14:44:04
17.0535586,79.2662881,5.7248693,14:44:09
17.0536209,79.2660056,5.7793283,14:44:14
17.0536772,79.2657973,4.3005395,14:44:19
17.0536823,79.2657447,1.9563679,14:44:24
17.0536676,79.2657224,1.4626669,14:44:27
17.0537532,79.2656969,1.5898796,14:44:34
17.0538239,79.2657169,1.8807503,14:44:37
17.0539314,79.2657618,3.6705816,14:44:39
17.054099,79.2658704,4.2263994,14:44:43
17.0545339,79.2662492,7.299775,14:44:49
17.0547816,79.2665212,7.508478,14:44:54
17.0550421,79.2667881,8.104862,14:44:59
17.0552771,79.2670109,3.6786973,14:45:05
17.0553044,79.2669997,1.9145877,14:45:10
17.0554414,79.2668496,4.5844517,14:45:15
17.0555096,79.2667583,4.4585705,14:45:20
17.0556098,79.2666223,4.389312,14:45:23
17.0556244,79.2665407,3.1901684,14:45:26
17.0557207,79.2663995,3.754069,14:45:29
17.0557441,79.2663732,1.1019915,14:45:32
17.0557937,79.2663737,1.1202526,14:45:33
17.0558674,79.2664392,3.3593526,14:45:37
17.0559432,79.266514,3.4785588,14:45:40
17.056152,79.2667356,3.71971,14:45:45
17.0562241,79.2667969,4.280344,14:45:48
17.0563006,79.2668582,4.660024,14:45:50
17.0563882,79.2669862,4.898868,14:45:53
17.0564145,79.2670608,4.874449,14:45:56
17.0565444,79.2672155,5.007158,14:45:59
17.0566245,79.2672713,3.7569993,14:46:04
17.0566607,79.2673244,1.5972773,14:46:05
17.0566795,79.2673601,0.006698067,14:46:08
17.0567018,79.2673857,4.41E-04,14:46:11
17.0567127,79.2673814,5.98E-04,14:46:14
17.0567348,79.2674365,0.24894649,14:46:16
17.0567898,79.2675488,3.0607703,14:46:19
17.0568762,79.2675914,1.9752018,14:46:21
17.0569341,79.2675744,1.9883101,14:46:24
17.0569949,79.2674958,2.969491,14:46:28
17.057061,79.267404,4.0216427,14:46:31
17.0571295,79.2672906,4.20228,14:46:33
17.0572327,79.2672018,3.8132555,14:46:36
17.0573265,79.2671439,3.808992,14:46:39
17.0573861,79.2671944,4.1042266,14:46:42
17.0575973,79.2671901,5.400499,14:46:45
17.0578745,79.2672035,5.069421,14:46:50
17.0581235,79.2671568,5.0197573,14:46:55
17.0583426,79.267033,5.1464434,14:47:00
17.0585837,79.2669467,5.033334,14:47:05
17.0587869,79.2668707,4.048344,14:47:10
17.0588459,79.2668244,2.305685,14:47:14
17.0589546,79.2667202,2.8241832,14:47:20
17.0589979,79.2667407,2.713558,14:47:23
17.059091,79.2666408,2.8268588,14:47:28
17.0591579,79.2665189,2.8244026,14:47:30
17.0591811,79.2665054,3.99E-04,14:47:35
17.0591825,79.2665201,0.001329962,14:47:37
17.0591699,79.2665209,4.12E-04,14:47:38
17.059152,79.2665314,1.72E-05,14:47:44
17.0591517,79.2665317,9.75E-07,14:47:50
17.0591517,79.2665317,7.08E-08,14:47:55
17.0591517,79.2665317,9.13E-10,14:48:00
17.0591517,79.2665317,2.50E-11,14:48:05
17.059204,79.266463,1.9287375,14:48:10
17.0593008,79.2663308,3.0142293,14:48:15
17.0594207,79.2661951,3.7037427,14:48:23
17.0594797,79.2661157,3.7228463,14:48:23
17.0596129,79.2659829,3.8098123,14:48:29
17.0597795,79.2658679,3.4005828,14:48:34
17.0599076,79.2657739,3.5051293,14:48:40
17.0600536,79.2656865,3.1797845,14:48:45
17.0601508,79.2656427,3.1211674,14:48:47
17.0602383,79.2655874,2.804314,14:48:50
17.0603228,79.2655648,2.5832825,14:48:53
17.0604109,79.265538,2.765725,14:48:55
17.0604922,79.2655185,2.824676,14:48:58
17.0605899,79.2654769,4.4215183,14:49:03
17.0607195,79.2653981,4.7370133,14:49:04
17.060857,79.2653281,2.817859,14:49:10
17.0609289,79.2652646,2.2705622,14:49:13
17.0609852,79.2652003,0.093435556,14:49:15
17.0609857,79.265217,6.73E-04,14:49:19
17.0609822,79.2652335,3.53E-04,14:49:22
17.0609947,79.2652505,1.8353645,14:49:25
17.0610847,79.2652825,3.3383765,14:49:30
17.0611552,79.2654304,2.8731542,14:49:35
17.0611824,79.2655377,0.021824257,14:49:40
17.0611866,79.2655367,2.25E-06,14:49:45
17.0611885,79.2655234,1.3697678,14:49:50
17.0611759,79.2654214,3.9530227,14:49:55
17.0611298,79.2652081,4.310428,14:50:00
17.0611238,79.2650639,4.3040094,14:50:03
17.0610863,79.2650144,2.6684353,14:50:06
17.0610424,79.2648783,3.864227,14:50:07
17.0610788,79.2648414,1.9913386,14:50:11
17.0610304,79.2647447,2.0769117,14:50:14
17.0609806,79.2646308,3.6068969,14:50:17
17.0609324,79.2645411,3.6502364,14:50:20
17.060894,79.2644383,4.043045,14:50:22
17.0608575,79.2643374,4.026721,14:50:25
17.0608304,79.2642163,3.6461022,14:50:28
17.0608032,79.2641151,4.0647078,14:50:30
17.0607518,79.2640065,4.3585997,14:50:35
17.0607449,79.2639402,3.3423982,14:50:36
17.0606513,79.2638086,3.7111444,14:50:39
17.0606413,79.2637703,2.57481,14:50:42
17.0606157,79.263674,2.5729475,14:50:44
17.0606137,79.263582,3.118453,14:50:47
17.0606256,79.2634909,3.106438,14:50:50
17.0606709,79.2634124,3.5553546,14:50:55
17.060702,79.2633379,2.8987231,14:50:56
17.0606996,79.263241,2.6651425,14:50:58
17.060696,79.2631459,1.7065428,14:51:02
17.0606986,79.2630961,1.6901188,14:51:04
17.0607,79.2630496,1.4551507,14:51:07
17.0606927,79.2630346,1.909879,14:51:10
17.0606926,79.262972,2.098309,14:51:14
17.0607149,79.2628569,3.1908965,14:51:17
17.0607257,79.2627484,3.175396,14:51:20
17.060761,79.2626813,2.1320071,14:51:23
17.0607879,79.2626138,2.0466523,14:51:26
17.0607917,79.2625428,2.0410457,14:51:28
17.0607687,79.2624827,0.002049764,14:51:35
17.0607826,79.2624199,2.2197244,14:51:40
17.0608019,79.2623096,2.5705514,14:51:44
17.0608297,79.2621763,2.683715,14:51:50
17.060881,79.262036,3.4791224,14:51:55
17.060924,79.2619155,3.5667567,14:51:59
17.0609917,79.2617032,4.090382,14:52:04
17.0610159,79.2615916,2.3828034,14:52:09
17.0610434,79.261479,1.7167991,14:52:14
17.0610811,79.2613449,2.7509513,14:52:19
17.061104,79.2611309,3.1013083,14:52:25
17.0611247,79.2610443,3.185894,14:52:30
17.0611756,79.2608994,2.820035,14:52:35
17.0612479,79.2607654,3.5303993,14:52:40
17.0613112,79.2606189,3.0211399,14:52:45
17.0613736,79.2605108,2.4336903,14:52:50
17.0614273,79.2604051,2.6900551,14:52:55
17.0614893,79.260309,2.8555384,14:52:59
17.0615178,79.2602826,6.31E-05,14:53:05
17.0615368,79.2602355,3.156904,14:53:10
17.0616081,79.2600965,3.5175745,14:53:15
17.0617328,79.2599106,5.1618996,14:53:20
17.0618758,79.2596399,4.436326,14:53:25
17.0619478,79.2595266,4.3462443,14:53:30
17.0620273,79.2593894,4.2885337,14:53:33
17.0620954,79.2592802,4.082303,14:53:36
17.0621921,79.2591773,4.071843,14:53:38
17.0622158,79.2591404,2.8163006,14:53:41
17.0622396,79.2590923,2.7526639,14:53:45
17.0622924,79.2590013,2.62453,14:53:50
17.0623222,79.2589192,1.948012,14:53:53
17.0624493,79.258834,1.5970887,14:54:00
17.0625361,79.2588167,1.8099834,14:54:06
17.062556,79.2588255,0.31873277,14:54:10
17.0626129,79.2588868,2.8066685,14:54:15
17.0627328,79.2589879,3.3988695,14:54:20
17.0628755,79.2590665,3.7110457,14:54:25
17.0629832,79.2591158,3.6840355,14:54:29
17.0630882,79.2590669,2.6376226,14:54:34
17.0631568,79.258891,4.5508657,14:54:39
17.0632242,79.258736,3.5595207,14:54:44
17.0632912,79.2586081,4.1094766,14:54:49
17.0633687,79.2583715,4.396015,14:54:53
17.0635478,79.2580742,4.5213437,14:55:00
17.0635305,79.2580738,2.650633,14:55:03
17.0635926,79.2580106,3.9132788,14:55:06
17.0636463,79.2577989,4.284757,14:55:09
17.0636413,79.2577043,3.0394933,14:55:12
17.0636121,79.2575979,3.0461702,14:55:14
17.0635863,79.2575294,2.2440917,14:55:17
17.0636157,79.2574632,4.4575844,14:55:20
17.0636595,79.2573697,4.615149,14:55:25
17.063747,79.2571454,4.4703636,14:55:30
17.0637891,79.2570148,4.441831,14:55:32
17.0638106,79.2569401,4.149985,14:55:35
17.0638668,79.2567483,4.4539814,14:55:41
17.0639862,79.2564317,4.556806,14:55:45
17.063946,79.2564272,3.478346,14:55:50
17.0640151,79.2563389,3.5934212,14:55:51
17.0640535,79.2561568,3.635436,14:55:53
17.0640385,79.2560608,2.195353,14:55:56
17.0640259,79.2560111,3.66575,14:56:00
17.0640331,79.2559632,3.7010782,14:56:04
17.0641419,79.2557658,3.7856262,14:56:09
17.0642015,79.2556476,3.3655834,14:56:11
17.0642456,79.2555864,3.3608394,14:56:14
17.0642405,79.2554311,4.447534,14:56:17
17.0642513,79.2553378,4.3147655,14:56:20
17.0642896,79.2552449,3.9787886,14:56:22
17.0642768,79.2552156,0.95913345,14:56:25
17.0643084,79.2550677,4.0066023,14:56:28
17.0642695,79.2550164,3.1207683,14:56:31
17.064325,79.2548512,3.529412,14:56:35
17.0643466,79.254769,2.6975267,14:56:37
17.0643259,79.2547253,2.7118294,14:56:40
17.06437,79.2546227,3.0176105,14:56:43
17.0644517,79.2545697,3.2857661,14:56:46
17.0645342,79.254519,3.3367255,14:56:48
17.0646146,79.2544513,4.126275,14:56:51
17.0646298,79.2544077,3.0154185,14:56:54
17.064709,79.2542951,2.69704,14:57:00
17.0647426,79.2542172,0.18508811,14:57:05
17.0647482,79.2542036,3.26E-06,14:57:09
17.0649888,79.2542073,5.2813544,14:57:21
17.0652841,79.2542263,5.1969733,14:57:23
17.0655709,79.2542801,6.3807225,14:57:25
17.0658762,79.2543369,5.8957334,14:57:30
17.0661204,79.2543876,3.5771255,14:57:35
17.0661751,79.254422,3.6609344,14:57:40
17.0663832,79.2544971,4.0852227,14:57:45
17.0664791,79.2545227,4.299749,14:57:50
17.0666176,79.2545548,4.4625177,14:57:55
17.0668595,79.2546293,2.6645355,14:58:00
17.0669659,79.254664,2.59089,14:58:04
17.0670975,79.2547071,4.0587983,14:58:10
17.067432,79.254777,2.6641145,14:58:15
17.0675133,79.254817,3.9913883,14:58:20
17.0676426,79.2548533,3.2746336,14:58:25
17.0677888,79.2549078,2.6709971,14:58:30
17.0679116,79.2549479,4.364953,14:58:35
17.0681947,79.2550146,3.2168894,14:58:40
17.0682982,79.2550379,0.145423,14:58:44
17.0683015,79.2550533,0.1635047,14:58:50
17.0682719,79.2551566,4.483935,14:58:55
17.0682115,79.2553661,5.0709043,14:59:00
17.0681364,79.2556732,5.1817007,14:59:05
17.0680418,79.2559376,4.5480933,14:59:10
17.0680114,79.2560337,4.1441374,14:59:15
17.0679919,79.2561641,3.7841914,14:59:17
17.067974,79.256241,4.4349136,14:59:20
17.0679472,79.2564418,4.5471272,14:59:23
17.067922,79.2565787,4.2297,14:59:26
17.0678989,79.2566961,4.217489,14:59:29
17.0678706,79.2568012,4.209257,14:59:31
17.067838,79.2569118,4.2081513,14:59:34
17.0678164,79.25702,4.4867773,14:59:37
17.0678053,79.2571316,4.465226,14:59:39
17.0677707,79.2572175,3.4961705,14:59:42
17.0677748,79.2572006,2.9084868,14:59:45
17.0677517,79.257329,3.88742,14:59:50
17.0677235,79.2575279,2.2167897,14:59:55
17.0677224,79.2575996,5.30E-04,15:00:00
17.0677215,79.2576094,0.001200472,15:00:09
17.0677041,79.2576221,1.7252203,15:00:13
17.0675475,79.2575811,3.9635584,15:00:15
17.0673956,79.2575395,2.4423807,15:00:16
17.0672929,79.2576151,3.817472,15:00:20
17.0672731,79.2577374,4.0081186,15:00:24
17.067234,79.2579333,4.7785697,15:00:29
17.0671958,79.2581454,4.7232814,15:00:32
17.0671562,79.2582492,4.41179,15:00:36
17.0671436,79.2584204,4.0762315,15:00:38
17.0671907,79.2584651,2.4134681,15:00:41
17.0672799,79.2584497,2.4365823,15:00:44
17.0676419,79.2585088,6.154184,15:00:50
17.0679201,79.258527,5.073878,15:00:55
17.0681259,79.2585379,3.4256825,15:01:00
17.0681847,79.2585536,2.135706,15:01:05
17.0682601,79.2586797,3.4671838,15:01:10
17.0682994,79.2587657,3.3263829,15:01:15
17.0683358,79.2589028,3.3565414,15:01:21
17.0683415,79.259053,3.4371345,15:01:25
17.0683471,79.2592304,3.471082,15:01:30
17.0683627,79.2593414,3.3603528,15:01:34
17.0683696,79.2594837,2.1017725,15:01:40
17.0683857,79.2596014,2.2951124,15:01:47
17.0683995,79.2596869,2.3488624,15:01:49
17.0684238,79.2597923,1.7058342,15:01:55
17.0684613,79.2600043,3.427453,15:02:00
17.0685142,79.2603362,6.264079,15:02:07
17.0685596,79.2606388,5.6289935,15:02:10
17.0685788,79.2608949,5.044121,15:02:21
17.0685846,79.2609733,3.5532975,15:02:22
17.0686615,79.2611058,2.190582,15:02:25
17.0687346,79.2611086,2.0996292,15:02:28
17.0688362,79.2610913,3.8838215,15:02:31
17.0689462,79.2610612,3.9802284,15:02:34
17.0690779,79.2610545,3.932746,15:02:37
17.0691648,79.2611353,4.0453024,15:02:40
17.0692208,79.2611897,2.7669563,15:02:42
17.069293,79.2612003,2.7478082,15:02:45
17.0693645,79.2612121,2.4397368,15:02:47
17.0694488,79.2612337,3.8391407,15:02:50
17.0695648,79.2612826,4.264029,15:02:53
17.0696158,79.2612811,2.2031212,15:02:56
17.0696962,79.2612805,2.0985992,15:03:00
17.0698704,79.2612916,4.9840207,15:03:03
17.0702062,79.2613929,2.254865,15:03:10
17.0703017,79.2614264,3.6754668,15:03:15
17.0705174,79.2614831,5.031917,15:03:20
17.070791,79.2615381,4.737056,15:03:25
17.0709193,79.2615722,3.986952,15:03:30
17.0711507,79.2616313,5.016728,15:03:35
17.0714025,79.2616989,2.4370449,15:03:40
17.0714626,79.2617151,0.4093698,15:03:45
17.0715113,79.2617147,1.918741,15:03:50
17.0715923,79.261652,2.4993217,15:03:55
17.071643,79.2614294,4.2807784,15:04:00
17.0716745,79.2612438,3.2892601,15:04:05
17.0717233,79.261131,3.1356022,15:04:09
17.0719639,79.2610702,4.6409116,15:04:15
17.0722019,79.2610838,5.096428,15:04:20
17.0725136,79.2611092,5.2449656,15:04:25
17.0727361,79.2611252,3.309489,15:04:30
17.0728121,79.2611458,4.267869,15:04:35
17.0731073,79.2611672,5.255377,15:04:40
17.073381,79.2611705,4.7465796,15:04:45
17.0735478,79.2611802,1.6141155,15:04:49
17.0735739,79.2611839,1.5670538,15:04:53
17.0735976,79.2612844,1.988106,15:04:59
17.0735877,79.2616477,4.4595923,15:05:04
17.0736311,79.2617198,4.124165,15:05:07
17.0736996,79.2617242,1.9117941,15:05:10
17.0737425,79.2617676,1.8868076,15:05:13
17.0740336,79.2617182,7.089891,15:05:19
17.0743652,79.2615942,7.230872,15:05:24
17.0746634,79.2614686,6.067995,15:05:29
17.0749086,79.2613732,5.712664,15:05:34
17.0751526,79.2612727,5.6763268,15:05:39
17.0753255,79.2611913,0.11666009,15:05:44
17.0752927,79.2612034,1.13E-04,15:05:49
17.0753534,79.2611771,3.958146,15:05:54
17.0753698,79.2611133,3.9951608,15:05:57
17.0755607,79.2610874,0.09760209,15:06:04
17.0755646,79.2610979,5.19E-05,15:06:08
17.0755649,79.2610996,4.41E-06,15:06:13
17.075565,79.2611,1.46E-07,15:06:19
17.075565,79.2611,6.65E-07,15:06:24
17.075565,79.2611,1.20E-08,15:06:29
17.075565,79.2611,1.36E-09,15:06:34
17.075565,79.2611,3.24E-11,15:06:39
17.075565,79.2611,3.45E-12,15:06:44
17.075565,79.2611,8.16E-13,15:06:49
17.075565,79.2611,6.85E-15,15:06:54
17.075565,79.2611,7.78E-18,15:06:58
17.0756467,79.2611458,1.76E-05,15:07:03
17.0755677,79.2612235,3.9352481,15:07:08
17.0751965,79.261365,5.0912485,15:07:14
17.0749491,79.2614576,4.6865034,15:07:19
17.0748373,79.2615091,4.965207,15:07:24
17.0745632,79.2616125,5.2147646,15:07:29
17.0743084,79.2617183,5.280714,15:07:34
17.0740619,79.2618171,5.4846416,15:07:39
17.0738371,79.2619115,4.568491,15:07:44
17.0737576,79.2619517,3.0391803,15:07:49
17.0736436,79.2620137,0.013226355,15:07:55
17.0736507,79.2620457,2.5155315,15:08:00
17.0736818,79.2621342,2.7368715,15:08:04
17.0737717,79.262365,3.7717135,15:08:12
17.0738349,79.2625571,4.147645,15:08:14
17.0738891,79.2627334,4.0970407,15:08:20
17.0739572,79.2629405,4.36309,15:08:25
17.0740195,79.2630848,4.4014125,15:08:28
17.0740088,79.2631114,0.60866326,15:08:31
17.0740296,79.2631369,0.015368153,15:08:34
17.0740501,79.2631665,2.01E-06,15:08:42
17.0741105,79.2633588,3.674127,15:08:44
17.0741738,79.2634971,2.8122985,15:08:50
17.0742085,79.2636132,2.7304912,15:08:55
17.0741493,79.263727,3.8767498,15:09:00
17.0740394,79.2637785,4.0154557,15:09:04
17.0738802,79.2638515,3.4890032,15:09:10
17.0736868,79.2639397,2.7867436,15:09:15
17.0735779,79.2639797,2.962923,15:09:20
17.0734613,79.2640466,4.3674746,15:09:25
17.0732766,79.2641285,4.6344614,15:09:30
17.0730961,79.2642186,4.3108983,15:09:35
17.0729284,79.2643121,2.1488838,15:09:40
17.0728279,79.2643409,3.1115909,15:09:45
17.072574,79.2643537,5.964421,15:09:50
17.0722891,79.2643685,2.1338701,15:09:55
17.0722483,79.2643914,1.8120295,15:10:00
17.0722223,79.2644776,3.001629,15:10:07
17.0722148,79.2646558,4.090606,15:10:12
17.0721966,79.2648355,3.3859475,15:10:15
17.0721847,79.2650029,2.8473594,15:10:22
17.0721848,79.2651721,3.1958528,15:10:27
17.0721844,79.2653294,3.0952935,15:10:30
17.0721918,79.2654723,2.7535734,15:10:35
17.0722013,79.2655541,2.4402952,15:10:39
17.0721714,79.2657601,1.7341022,15:10:47
17.0720787,79.2657888,2.8075726,15:10:50
17.0719753,79.265794,3.1717992,15:10:52
17.071866,79.2658025,3.3739052,15:10:55
17.0717565,79.2658265,3.4452536,15:10:58
17.0716492,79.2658385,3.543193,15:11:01
17.0715432,79.2658471,3.5401895,15:11:03
17.0714267,79.2658733,3.6455493,15:11:07
17.0713416,79.2658933,2.784537,15:11:10
17.0712633,79.2658878,3.7879999,15:11:13
17.0711385,79.2659317,3.9722502,15:11:15
17.0710672,79.2659954,4.1124706,15:11:18
17.0709281,79.2660159,4.528648,15:11:21
17.0707756,79.2660154,4.455456,15:11:24
17.0706773,79.266021,4.460605,15:11:27
17.0706093,79.2660005,4.4221425,15:11:30
17.0704985,79.2660059,3.524797,15:11:32
17.0704598,79.2660251,2.0725555,15:11:36
17.0703118,79.2660722,3.3952298,15:11:39
17.0702,79.2660944,2.746754,15:11:42
17.0701211,79.2661093,2.7441523,15:11:45
17.0700205,79.2661132,3.5294611,15:11:48
17.0699569,79.2661617,3.784692,15:11:50
17.069999,79.2662573,3.8490272,15:11:53
17.0700343,79.2663527,3.8896258,15:11:55
17.0700468,79.2664775,3.8828971,15:11:59
17.0700506,79.2665492,4.100382,15:12:04
17.0700583,79.2666684,4.0982122,15:12:05
17.0700718,79.2668308,3.0205226,15:12:10
17.0700872,79.266992,4.8537874,15:12:15
17.070179,79.2672174,2.9115076,15:12:20
17.0701685,79.2672906,2.252092,15:12:25
17.0700757,79.2673644,3.6062942,15:12:30
17.0698996,79.267436,4.4396257,15:12:35
17.069739,79.2675098,1.9761429,15:12:40
17.0697056,79.2676256,2.860407,15:12:45
17.0697844,79.2677054,2.175493,15:12:50
17.069861,79.2677575,0.015461197,15:12:55
17.0698551,79.267755,6.90E-06,15:13:00
17.069855,79.267755,1.43E-07,15:13:05
17.069855,79.267755,1.55E-09,15:13:10
17.0698912,79.2677805,0.8829544,15:13:15
17.0700402,79.2678823,2.9371662,15:13:20
17.0701666,79.2679765,3.3794775,15:13:25
17.0703144,79.2680867,2.6830812,15:13:30
17.0703941,79.2681883,3.0877979,15:13:35
17.0704115,79.268376,3.9341545,15:13:40
17.0703906,79.2685563,3.659234,15:13:45
17.0703839,79.2687274,2.6778657,15:13:50
17.070408,79.2688675,1.0968298,15:13:54
17.0705044,79.2689251,2.99014,15:14:00
17.0706331,79.2689299,3.3267455,15:14:05
17.0707969,79.2689401,3.664564,15:14:08
17.0709319,79.2689598,3.5923972,15:14:11
17.0710315,79.2689874,3.5835638,15:14:14
17.0711075,79.2690489,3.7034771,15:14:17
17.0711642,79.2691336,3.7065883,15:14:19
17.0712419,79.2691972,3.3008552,15:14:22
17.0713223,79.2692579,3.4982665,15:14:25
17.0713813,79.2693345,3.631863,15:14:28
17.0714377,79.2693689,3.5411243,15:14:31
17.0715362,79.2694427,3.938019,15:14:33
17.0716279,79.269521,3.526722,15:14:37
17.0717039,79.2696118,3.5276072,15:14:40
17.0717807,79.269666,2.9278407,15:14:43
17.0718445,79.2697175,3.3267837,15:14:45
17.0719122,79.2697969,3.461903,15:14:48
17.0719536,79.26985,2.5746722,15:14:51
17.0720361,79.2699061,2.5137599,15:14:54
17.0721059,79.2699853,3.0584085,15:14:57
17.0721747,79.2700557,3.1022644,15:15:00
17.0722418,79.2701139,3.1340322,15:15:04
17.0722885,79.2701975,4.1784444,15:15:06
17.0723,79.2702872,4.2192254,15:15:09
17.0724152,79.270359,4.05819,15:15:11
17.0725203,79.2704501,4.0325646,15:15:15
17.0725822,79.2704357,2.8729358,15:15:17
17.072674,79.2704809,2.878133,15:15:20
17.0727565,79.2705387,3.6065521,15:15:22
17.0728163,79.2705838,3.614512,15:15:25
17.0728687,79.2706272,2.9303114,15:15:28
17.0729466,79.2707002,1.9959698,15:15:30
17.073,79.2707231,1.7144125,15:15:34
17.0730049,79.2707223,0.006045498,15:15:37
17.0730023,79.2707168,2.60E-05,15:15:40
17.0729842,79.2707067,0.001022256,15:15:43
17.0729748,79.2706864,0.002188908,15:15:46
17.0729606,79.2706686,0.001252927,15:15:48
17.0728806,79.2705979,3.9853678,15:15:51
17.0728067,79.2705273,4.223896,15:15:54
17.0726565,79.2704509,4.6073594,15:15:57
17.0725382,79.2704097,2.2874398,15:16:00
17.0724808,79.2703972,2.9367762,15:16:02
17.0723911,79.2703355,2.6238368,15:16:05
17.0723525,79.2702557,2.5243444,15:16:09
17.0722963,79.2701925,3.5460148,15:16:11
17.0722056,79.2701387,3.6164408,15:16:14
17.0721916,79.270111,3.6146858,15:16:17
17.0720239,79.2699442,5.63584,15:16:20
17.0718489,79.2697514,4.2207403,15:16:25
17.0717242,79.2697048,2.8458376,15:16:29
17.0717685,79.2697115,0.001755649,15:16:33
17.0717745,79.2697014,1.4866856,15:16:35
17.0717579,79.2696493,2.204821,15:16:41
17.0717035,79.2696055,2.9651697,15:16:42
17.0716317,79.2695679,3.0174181,15:16:44
17.0715406,79.2694989,3.603443,15:16:47
17.0714651,79.2694248,3.6413145,15:16:49
17.071367,79.2693604,3.7854073,15:16:52
17.0712712,79.2692882,3.192895,15:16:56
17.0712175,79.2692215,2.9256501,15:16:59
17.0711414,79.2691425,2.831245,15:17:01
17.0710622,79.2690624,2.8276134,15:17:05
17.0709997,79.2690407,2.463066,15:17:08
17.0708744,79.2690218,3.7017515,15:17:14
17.0707393,79.2690217,3.949264,15:17:16
17.0706109,79.269028,3.9537375,15:17:19
17.0704916,79.2690233,4.090004,15:17:22
17.0703722,79.2690035,4.065135,15:17:25
17.0703204,79.2689532,2.0748732,15:17:27
17.070369,79.2688659,3.2584572,15:17:30
17.0704095,79.2687398,4.5060067,15:17:33
17.0704424,79.2683399,4.558876,15:17:40
17.0704611,79.2682682,4.692192,15:17:42
17.0700891,79.2679541,4.790339,15:17:50
17.0699841,79.267885,5.4912276,15:17:55
17.0697218,79.2676924,4.5035543,15:18:00
17.0696221,79.2676181,4.0224686,15:18:05
17.0695281,79.2675139,3.7440386,15:18:08
17.0694958,79.2674328,4.5615034,15:18:10
17.0694688,79.2672691,4.785591,15:18:13
17.0694297,79.2668934,5.447622,15:18:20
17.0693876,79.2666655,2.9460242,15:18:25
17.0692851,79.2666797,2.9430256,15:18:30
17.069202,79.26673,2.146532,15:18:33
17.0691499,79.2666229,4.0197973,15:18:38
17.0690718,79.2664875,4.2756133,15:18:39
17.0689983,79.2664084,4.6345572,15:18:41
17.0689356,79.266276,5.107294,15:18:45
17.0689438,79.266222,2.206401,15:18:47
17.0690281,79.2661901,2.2367194,15:18:50
17.0691677,79.2661187,4.5984025,15:18:53
17.0692383,79.2661276,3.3106399,15:18:56
17.0693353,79.2661529,3.2722502,15:18:58
17.0693417,79.2662671,2.286751,15:19:05
17.0693483,79.2663805,2.8531153,15:19:10
17.0693747,79.2665246,2.3530624,15:19:15
17.0693093,79.2666372,2.404401,15:19:20
17.0691798,79.2666636,2.9723995,15:19:25
17.0690921,79.2665638,3.757948,15:19:30
17.0690114,79.266372,4.264673,15:19:35
17.0689364,79.2662009,0.991674,15:19:40
17.0689179,79.2661615,2.05E-04,15:19:45
17.0689183,79.26616,4.34E-06,15:19:50
17.0689183,79.26616,3.83E-07,15:19:54
17.0689183,79.26616,1.43E-08,15:20:00
17.0689183,79.26616,3.63E-10,15:20:08
17.0689183,79.26616,1.79E-11,15:20:10
17.0689183,79.26616,4.31E-13,15:20:16
17.0689183,79.26616,1.11E-14,15:20:20
17.0689183,79.26616,6.40E-17,15:20:24
17.0689183,79.26616,1.24E-17,15:20:30
17.0688503,79.2660049,4.238771,15:20:34
17.0687573,79.2657514,2.3647077,15:20:40
17.0687789,79.2656733,2.275575,15:20:42
17.0688545,79.2656329,3.7122498,15:20:45
17.0690044,79.265565,5.0003324,15:20:48
17.0693659,79.2653808,5.2979074,15:20:55
17.069579,79.2653085,4.364125,15:21:00
17.0696564,79.2652909,4.222878,15:21:05
17.0697257,79.2652947,3.735359,15:21:08
17.0698275,79.2652714,2.3876665,15:21:11
17.0698117,79.2651476,2.875072,15:21:13
17.0697841,79.2649954,4.6812983,15:21:16
17.069767,79.2648338,4.7460976,15:21:19
17.0697203,79.2646836,4.898582,15:21:22
17.0697038,79.2645851,2.415586,15:21:25
17.0697054,79.264495,1.8860251,15:21:28
17.0696494,79.2641331,6.0463147,15:21:35
17.0695933,79.2638278,3.9831483,15:21:40
17.0695844,79.2637395,2.3061626,15:21:45
17.0695681,79.2636265,1.9970567,15:21:48
17.0695978,79.2635897,1.3548949,15:21:51
17.0696217,79.2635467,1.3478667,15:21:54
17.0699056,79.2634128,5.9987197,15:22:00
17.0701876,79.263295,6.428493,15:22:05
17.070474,79.2631685,6.184537,15:22:10
17.0707046,79.2630566,3.5116854,15:22:15
17.0707128,79.2629952,3.245509,15:22:20
17.0706821,79.2629529,3.49472,15:22:23
17.0706761,79.2629826,0.4629524,15:22:25
17.0706698,79.2628425,1.7638135,15:22:28
17.0706676,79.2627305,1.9769901,15:22:31
17.0706269,79.2626421,2.0105455,15:22:34
17.070582,79.2624978,4.098677,15:22:37
17.0705671,79.262396,3.9638143,15:22:40
17.0705605,79.2623148,2.7947338,15:22:43
17.0705983,79.262243,1.8934433,15:22:46
17.0706036,79.2622026,1.6803398,15:22:49
17.0706071,79.262215,0.34370047,15:22:55
17.070653,79.2622101,1.9349427,15:22:57
17.0706794,79.2621579,1.5783664,15:23:01
17.0706711,79.2621146,1.1493104,15:23:04
17.0705426,79.2620605,0.40507457,15:23:10
17.0705554,79.262083,0.20796268,15:23:15
17.0705662,79.2620977,0.039064135,15:23:22
17.0705667,79.2620983,3.03E-05,15:23:26
17.0705728,79.2621176,0.43499398,15:23:31
17.0706237,79.2622148,1.5256119,15:23:36
17.0707174,79.2620917,1.6641823,15:23:41
17.0707209,79.2619768,1.7397422,15:23:46
17.0707513,79.2619177,1.5990535,15:23:51
17.0706301,79.2622091,1.9876183,15:23:56
17.0705598,79.2623471,2.1899,15:24:01
17.0706527,79.2620978,2.080869,15:24:06
17.0707248,79.2620208,1.8722179,15:24:13
17.0707894,79.2620547,1.4717278,15:24:18
17.0706736,79.262083,0.2893958,15:24:25
17.0705754,79.2621528,1.5826156,15:24:29
17.0705432,79.2621223,0.9546728,15:24:34
17.0705451,79.2621148,0.31660506,15:24:39
17.0705553,79.262117,0.11646289,15:24:46
17.0705546,79.2621159,0.26721674,15:24:50
17.0705492,79.2620934,0.34703153,15:24:55
17.0705523,79.262077,0.23843439,15:25:00
17.0705497,79.2620853,0.029153751,15:25:07
17.0705517,79.2620895,0.1287713,15:25:09
17.0705583,79.2620667,0.313607,15:25:15
17.070561,79.2620462,0.38146362,15:25:20
17.0705575,79.2620444,0.16808155,15:25:25
17.0705544,79.2620803,0.45883727,15:25:30
17.0705528,79.2621033,0.46249697,15:25:35
17.0705611,79.2620596,0.38498092,15:25:40
17.0705639,79.2620437,0.3485161,15:25:45
17.0705714,79.2620031,0.68982774,15:25:50
17.0705613,79.2620576,0.50120926,15:25:55
17.0705631,79.2620432,0.035921957,15:26:00
17.0705558,79.2620486,0.14173722,15:26:05
17.0705598,79.2620494,0.046336785,15:26:10
17.0705603,79.2620494,0.022237742,15:26:15
17.070563,79.2620455,0.06460168,15:26:20
17.0705601,79.2620508,0.06230179,15:26:25
17.0705609,79.262053,0.041441392,15:26:32
17.0705639,79.262039,0.16561776,15:26:37
17.0705619,79.2620492,0.085931785,15:26:42
17.0705624,79.2620493,0.036988918,15:26:47
17.0705598,79.2620655,0.40162134,15:26:52
